<?xml version="1.0" encoding="UTF-8"?>
<project-private xmlns="http://www.netbeans.org/ns/project-private/1">
    <editor-bookmarks xmlns="http://www.netbeans.org/ns/editor-bookmarks/2" lastBookmarkId="0"/>
    <open-files xmlns="http://www.netbeans.org/ns/projectui-open-files/2">
        <group>
            <file>file:/E:/TERCER%20SEMESTRE/METODOLOGIAS%20DE%20DESARROLLO%20DE%20SOFTWARE/PROYECTO/Sprint%204/Proyecto%20v4.0/src/vista/RegistroVacuna.java</file>
            <file>file:/E:/TERCER%20SEMESTRE/METODOLOGIAS%20DE%20DESARROLLO%20DE%20SOFTWARE/PROYECTO/Sprint%204/Proyecto%20v4.0/src/controlador/VacunaDAO.java</file>
            <file>file:/E:/TERCER%20SEMESTRE/METODOLOGIAS%20DE%20DESARROLLO%20DE%20SOFTWARE/PROYECTO/Sprint%204/Proyecto%20v4.0/src/controlador/DosisDAO.java</file>
            <file>file:/E:/TERCER%20SEMESTRE/METODOLOGIAS%20DE%20DESARROLLO%20DE%20SOFTWARE/PROYECTO/Sprint%204/Proyecto%20v4.0/src/controlador/ConexionBD.java</file>
            <file>file:/E:/TERCER%20SEMESTRE/METODOLOGIAS%20DE%20DESARROLLO%20DE%20SOFTWARE/PROYECTO/Sprint%204/Proyecto%20v4.0/src/modelo/DosisDTO.java</file>
            <file>file:/E:/TERCER%20SEMESTRE/METODOLOGIAS%20DE%20DESARROLLO%20DE%20SOFTWARE/PROYECTO/Sprint%204/Proyecto%20v4.0/src/modelo/VacunaDTO.java</file>
            <file>file:/E:/TERCER%20SEMESTRE/METODOLOGIAS%20DE%20DESARROLLO%20DE%20SOFTWARE/PROYECTO/Sprint%204/Proyecto%20v4.0/src/vista/Login.java</file>
            <file>file:/E:/TERCER%20SEMESTRE/METODOLOGIAS%20DE%20DESARROLLO%20DE%20SOFTWARE/PROYECTO/Sprint%204/Proyecto%20v4.0/src/vista/Principal.java</file>
            <file>file:/E:/TERCER%20SEMESTRE/METODOLOGIAS%20DE%20DESARROLLO%20DE%20SOFTWARE/PROYECTO/Sprint%204/Proyecto%20v4.0/src/vista/RegistroEmpleado.java</file>
            <file>file:/E:/TERCER%20SEMESTRE/METODOLOGIAS%20DE%20DESARROLLO%20DE%20SOFTWARE/PROYECTO/Sprint%204/Proyecto%20v4.0/src/modelo/Documento.java</file>
            <file>file:/E:/TERCER%20SEMESTRE/METODOLOGIAS%20DE%20DESARROLLO%20DE%20SOFTWARE/PROYECTO/Sprint%204/Proyecto%20v4.0/src/controlador/EmpleadoDAO.java</file>
            <file>file:/E:/TERCER%20SEMESTRE/METODOLOGIAS%20DE%20DESARROLLO%20DE%20SOFTWARE/PROYECTO/Sprint%204/Proyecto%20v4.0/src/modelo/EmpleadoDTO.java</file>
            <file>file:/E:/TERCER%20SEMESTRE/METODOLOGIAS%20DE%20DESARROLLO%20DE%20SOFTWARE/PROYECTO/Sprint%204/Proyecto%20v4.0/src/vista/Registro.java</file>
            <file>file:/E:/TERCER%20SEMESTRE/METODOLOGIAS%20DE%20DESARROLLO%20DE%20SOFTWARE/PROYECTO/Sprint%204/Proyecto%20v4.0/src/vista/RegistroDosis.java</file>
        </group>
    </open-files>
</project-private>
